Date,Site,Coordinates,Sheet #,Turbidity (Trial 1),Turbidity (Trial 2),Turbidity (Trial 3),Turbidity (Trial 4),Turbidity (Trial 5),Turbidity (Trial 6),Turbidity Units,Turbidity (Trial 1),Turbidity (Trial 2),Turbidity (Trial 3),Turbidity (Trial 4),Turbidity (Trial 5),Turbidity (Trial 6),Turbidity Units,Air Temp (°Celsius) (Trial 1),Air Temp (° Celsius) (Trial 2),Air Temp (° Celsius) (Trial 3),Air Temp (° Celsius Trial 4),Air Temp (° Celsius Trial 5),,Water Temp (in ° Celsius) (Trial 1),Water Temp (in ° Celsius) (Trial 2),Water Temp (in ° Celsius) (Trial 3),Water Temp (in ° Celcius) (Trial 4),Water Temp (in ° Celcius) (Trial 5),Water Temp (in ° Celcius) (Trial 6),pH (Trial 1),pH (Trial 2),pH (Trial 3),pH (Trial 4),pH (Trial 5),pH (Trial 6),DO (in ppm) (Trial 1),DO (in ppm) (Trial 2),DO (in ppm) (Trial 3),DO (in ppm) (Trial 4),DO (in ppm) (Trial 5),DO (in ppm) (Trial 6),Flow (right or only reading recorded) (Trial 1),Flow (right) (Trial 2),Flow (right) (Trial 3),Flow (right) (Trial 4),Flow (right) (Trial 5),Flow (right) (Trial 6),Flow (Center) (Trial 1),Flow (Center) (Trial 2),Flow (Center) (Trial 3),Flow (Center) (Trial 4),Flow (Center) (Trial 5),Flow (Center) (Trial 6),Flow (left) (Trial 1),Flow (left) (Trial 2),Flow (left) (Trial 3),Flow (left) (Trial 4),Flow (left) (Trial 5),Flow (left) (Trial 6),Flow Units,Phosphate,Nitrate/Nitrite,Conductivity uS/cm (Trial 1),Conductivity uS/cm (Trial 2),Conductivity uS/cm (Trial 3),Conductivity uS/cm (Trial 4),Conductivity uS/cm (Trial 5),Conductivity uS/cm (Trial 6),Rain (w/I last 2 days),Benthic Macro Invertebrates,Data Recorder/group names,Notes
5/12/2006,,,,60,,,,,,JTU,,,,,,,,7,,,,,,12,,,,,,7,,,,,,11,,,,,,,,,,,,,,,,,,,,,,,,,,,,,,,,,,,,
5/12/2006,,,,60,,,,,,JTU,,,,,,,,,,,,,,,,,,,,7,,,,,,10,,,,,,,,,,,,,,,,,,,,,,,,,,,,,,,,,,,,
1/14/2006,,,,54.4,,,,,,?,,,,,,,,6,,,,,,6,,,,,,7.5,,,,,,10,,,,,,0.839,,,,,,,,,,,,,,,,,,m/s,,,,,,,,,,,,
1/14/2006,,,,55.2,,,,,,?,,,,,,,,,,,,,,,,,,,,7,,,,,,11,,,,,,0.991,,,,,,,,,,,,,,,,,,,,,,,,,,,,,,
1/14/2006,,,,56.1,,,,,,?,,,,,,,,,,,,,,,,,,,,7.5,,,,,,12,,,,,,1.15,,,,,,,,,,,,,,,,,,,,,,,,,,,,,,
1/14/2006,,,,,,,,,,,,,,,,,,,,,,,,,,,,,,,,,,,,,,,,,,0.748,,,,,,,,,,,,,,,,,,,,,,,,,,,,,,
no date,,,,,,,,,,,,,,,,,,11,,,,,,10,,,,,,7.5,,,,,,12,,,,,,171,,,,,,,,,,,,,,,,,,/min,,,,,,,,,,,,
no date,,,,,,,,,,,,,,,,,,,,,,,,,,,,,,7.5,,,,,,9,,,,,,178,,,,,,,,,,,,,,,,,,/min,,,,,,,,,,,,
no date,,,,,,,,,,,,,,,,,,,,,,,,,,,,,,7.5,,,,,,11,,,,,,270,,,,,,,,,,,,,,,,,,/min,,,,,,,,,,,,
12/6?,,,,56,,,,,,JTU,,,,,,,,7,,,,,,7,,,,,,7.5,,,,,,13,,,,,,,,,,,,,,,,,,,,,,,,,,,,,,,,,,,,
12/6?,,,,56,,,,,,JTU,,,,,,,,,,,,,,,,,,,,7.5,,,,,,14,,,,,,,,,,,,,,,,,,,,,,,,,,,,,,,,,,,,
12/6?,,,,56,,,,,,JTU,,,,,,,,,,,,,,,,,,,,7.5,,,,,,12,,,,,,,,,,,,,,,,,,,,,,,,,,,,,,,,,,,,
1/3/2009,,,,51,,,,,,"(mean, units?)",,,,,,,,2,,,,,,4.5,,,,,,7.5,,,,,,10,,,,,,,,,,,,,,,,,,,,,,,,,,,,,,,,,,,,
1/3/2009,,,,,,,,,,,,,,,,,,,,,,,,,,,,,,7.3,,,,,,13,,,,,,,,,,,,,,,,,,,,,,,,,,,,,,,,,,,,
1/3/2009,,,,,,,,,,,,,,,,,,,,,,,,,,,,,,7.5,,,,,,11,,,,,,,,,,,,,,,,,,,,,,,,,,,,,,,,,,,,
2/?/09,,,,60,,,,,,?,,,,,,,,,,,,,,,,,,,,7.5,,,,,,10,,,,,,,,,,,,,,,,,,,,,,,,,,,,,,,,,,,,
2/?/09,,,,60,,,,,,?,,,,,,,,,,,,,,,,,,,,7,,,,,,6,,,,,,,,,,,,,,,,,,,,,,,,,,,,,,,,,,,,
2/?/09,,,,60,,,,,,?,,,,,,,,,,,,,,,,,,,,7,,,,,,8,,,,,,,,,,,,,,,,,,,,,,,,,,,,,,,,,,,,
3/7/2009,,,,60,,,,,,JTU/NTU,,,,,,,,3,,,,,,3.5,,,,,,7.5,,,,,,12,,,,,,20.42,,,,,,,,,,,,,,,,,,,,,,,,,,,,,,
3/7/2009,,,,60,,,,,,JTU/NTU,,,,,,,,,,,,,,,,,,,,7.5,,,,,,13,,,,,,25.27,,,,,,,,,,,,,,,,,,,,,,,,,,,,,,
3/7/2009,,,,60,,,,,,JTU/NTU,,,,,,,,,,,,,,,,,,,,8,,,,,,13,,,,,,21.93,,,,,,,,,,,,,,,,,,,,,,,,,,,,,,
10/16/2009,,,,60,,,,,,JTU/NTU,,,,,,,,17,,,,,,13,,,,,,7,,,,,,10,,,,,,,,,,,,,,,,,,,,,,,,,,,,,,,,,,,,
10/16/2009,,,,60,,,,,,JTU/NTU,,,,,,,,,,,,,,,,,,,,7,,,,,,11,,,,,,,,,,,,,,,,,,,,,,,,,,,,,,,,,,,,
10/16/2009,,,,60,,,,,,JTU/NTU,,,,,,,,,,,,,,,,,,,,7.5,,,,,,11,,,,,,,,,,,,,,,,,,,,,,,,,,,,,,,,,,,,
9/22/2009,,,,60,,,,,,JTU/NTU,,,,,,,,19,,,,,,17,,,,,,7.5,,,,,,11,,,,,,,,,,,,,,,,,,,,,,,,,,,,,,,,,,,,
9/22/2009,,,,60,,,,,,JTU/NTU,,,,,,,,,,,,,,,,,,,,7.5,,,,,,10,,,,,,,,,,,,,,,,,,,,,,,,,,,,,,,,,,,,
9/22/2009,,,,60,,,,,,JTU/NTU,,,,,,,,,,,,,,,,,,,,7.5,,,,,,11,,,,,,,,,,,,,,,,,,,,,,,,,,,,,,,,,,,,
8/11/2009,,,,60,,,,,,JTU/NTU,,,,,,,,20,,,,,,17,,,,,,7.5,,,,,,12,,,,,,,,,,,,,,,,,,,,,,,,,,,,,,,,,,,,
8/11/2009,,,,60,,,,,,JTU/NTU,,,,,,,,,,,,,,,,,,,,7.5,,,,,,12,,,,,,,,,,,,,,,,,,,,,,,,,,,,,,,,,,,,
8/11/2009,,,,60,,,,,,JTU/NTU,,,,,,,,,,,,,,,,,,,,7.5,,,,,,11,,,,,,,,,,,,,,,,,,,,,,,,,,,,,,,,,,,,
7/27/2009?,,,,60,,,,,,JTU/NTU,,,,,,,,33,,,,,,24,,,,,,7,,,,,,6,,,,,,,,,,,,,,,,,,,,,,,,,,,,,,,,,,,,
7/27/2009?,,,,60,,,,,,JTU/NTU,,,,,,,,,,,,,,,,,,,,7,,,,,,6,,,,,,,,,,,,,,,,,,,,,,,,,,,,,,,,,,,,
7/27/2009?,,,,60,,,,,,JTU/NTU,,,,,,,,,,,,,,,,,,,,7,,,,,,7,,,,,,,,,,,,,,,,,,,,,,,,,,,,,,,,,,,,
6/5/09?,,,,74.82,,,,,,sec?,,,,,,,,21,,,,,,17,,,,,,7.5,,,,,,11.33,,,,,,,,,,,,,,,,,,,,,,,,,,,,,,,,,,,,
6/5/09?,,,,58.1,,,,,,sec?,,,,,,,,,,,,,,,,,,,,,,,,,,,,,,,,,,,,,,,,,,,,,,,,,,,,,,,,,,,,,,
6/5/09?,,,,64.93,,,,,,sec?,,,,,,,,,,,,,,,,,,,,,,,,,,,,,,,,,,,,,,,,,,,,,,,,,,,,,,,,,,,,,,
5/2/2009,,,,60,,,,,,JTU/NTU,,,,,,,,13.5,,,,,,11,,,,,,7.5,,,,,,12,,,,,,,,,,,,,,,,,,,,,,,,,,,,,,,,,,,,
,,,,60,,,,,,JTU/NTU,,,,,,,,,,,,,,,,,,,,7.5,,,,,,12,,,,,,,,,,,,,,,,,,,,,,,,,,,,,,,,,,,,
,,,,60,,,,,,JTU/NTU,,,,,,,,,,,,,,,,,,,,7.25,,,,,,12,,,,,,,,,,,,,,,,,,,,,,,,,,,,,,,,,,,,
4/4/09?,,,,20,,,,,,JTU/NTU,,,,,,,,6.5,,,,,,5.7,,,,,,7,,,,,,12,,,,,,,,,,,,,,,,,,,,,,,,,,,,,,,,,,,,
4/4/09?,,,,20,,,,,,JTU/NTU,,,,,,,,,,,,,,,,,,,,7,,,,,,13,,,,,,,,,,,,,,,,,,,,,,,,,,,,,,,,,,,,
4/4/09?,,,,20,,,,,,JTU/NTU,,,,,,,,,,,,,,,,,,,,,,,,,,,,,,,,,,,,,,,,,,,,,,,,,,,,,,,,,,,,,,
11/7/2009,,,,18,,,,,,NTU,,,,,,,,12,,,,,,12,,,,,,7.25,,,,,,12,,,,,,902,,,,,,,,,,,,,,,,,,rpm,insig,insig,,,,,,,heavy,"foamy, turbid",,
11/7/2009,,,,17.5,,,,,,NTU,,,,,,,,,,,,,,,,,,,,7.25,,,,,,12,,,,,,1372,,,,,,,,,,,,,,,,,,rpm,,,,,,,,,,,,
11/7/2009,,,,19,,,,,,NTU,,,,,,,,,,,,,,,,,,,,7.25,,,,,,9,,,,,,1253,,,,,,,,,,,,,,,,,,rpm,,,,,,,,,,,,
12/5/2009,,,,60,,,,,,NTU,,,,,,,,3,,,,,,8,,,,,,7.5,,,,,,12,,,,,,81666,,,,,,,,,,,,,,,,,,rpm,0mg/L,0mg/L,,,,,,,trace,clear,,
12/5/2009,,,,60,,,,,,NTU,,,,,,,,,,,,,,,,,,,,7.5,,,,,,14,,,,,,997882,,,,,,,,,,,,,,,,,,rpm,,,,,,,,,,,,
12/5/2009,,,,60,,,,,,NTU,,,,,,,,,,,,,,,,,,,,7.25,,,,,,12,,,,,,968666,,,,,,,,,,,,,,,,,,rpm,,,,,,,,,,,,
1/23/2010,,,,60,,,,,,NTU,,,,,,,,10,,,,,,10,,,,,,7.5,,,,,,12,,,,,,,,,,,,,,,,,,,,,,,,,0mg/L,0mg/L,,,,,,,light,clear,,
1/23/2010,,,,60,,,,,,NTU,,,,,,,,,,,,,,,,,,,,7.5,,,,,,10,,,,,,,,,,,,,,,,,,,,,,,,,,,,,,,,,,,,
1/23/2010,,,,60,,,,,,NTU,,,,,,,,,,,,,,,,,,,,7.5,,,,,,11,,,,,,,,,,,,,,,,,,,,,,,,,,,,,,,,,,,,
2/6/2010,,,,60,,,,,,NTU,,,,,,,,5.5,,,,,,7,,,,,,7.5,,,,,,13,,,,,,871,,,,,,,,,,,,,,,,,,rpm,0mg/L,0mg/L,,,,,,,none,clear,,
2/6/2010,,,,60,,,,,,NTU,,,,,,,,,,,,,,,,,,,,7.5,,,,,,10,,,,,,798,,,,,,,,,,,,,,,,,,rpm,,,,,,,,,,,,
2/6/2010,,,,60,,,,,,NTU,,,,,,,,,,,,,,,,,,,,7.25,,,,,,12,,,,,,922,,,,,,,,,,,,,,,,,,rpm,,,,,,,,,,,,
3/6/2010,,,,60,,,,,,NTU,,,,,,,,10,,,,,,6.5,,,,,,7.5,,,,,,12,,,,,,,,,,,,,,,,,,,,,,,,,0mg/L,0mg/L,,,,,,,trace,clear,,
3/6/2010,,,,60,,,,,,NTU,,,,,,,,,,,,,,,,,,,,7.5,,,,,,11,,,,,,,,,,,,,,,,,,,,,,,,,,,,,,,,,,,,
3/6/2010,,,,60,,,,,,NTU,,,,,,,,,,,,,,,,,,,,7.5,,,,,,12,,,,,,,,,,,,,,,,,,,,,,,,,,,,,,,,,,,,
4/3/2010,,,,60,,,,,,NTU,,,,,,,,6,,,,,,7,,,,,,7.5,,,,,,13,,,,,,,,,,,,,,,,,,,,,,,,,0mg/L,0mg/L,,,,,,,heavy,"greenish, foamy",,
4/3/2010,,,,60,,,,,,NTU,,,,,,,,,,,,,,,,,,,,7.5,,,,,,12,,,,,,,,,,,,,,,,,,,,,,,,,,,,,,,,,,,,
4/3/2010,,,,60,,,,,,NTU,,,,,,,,,,,,,,,,,,,,7.5,,,,,,13,,,,,,,,,,,,,,,,,,,,,,,,,,,,,,,,,,,,
5/1/2010,,,,60+,,,,,,NTU,,,,,,,,10,,,,,,9,,,,,,7.5,,,,,,13,,,,,,,,,,,,,,,,,,,,,,,,,0mg/L,0mg/L,,,,,,,light,clear,,
5/1/2010,,,,60+,,,,,,NTU,,,,,,,,,,,,,,,,,,,,7.5,,,,,,12,,,,,,,,,,,,,,,,,,,,,,,,,,,,,,,,,,,,
5/1/2010,,,,60+,,,,,,NTU,,,,,,,,,,,,,,,,,,,,7.25,,,,,,12,,,,,,,,,,,,,,,,,,,,,,,,,,,,,,,,,,,,
6/5/2010,,,,60,,,,,,NTU,,,,,,,,13,,,,,,11,,,,,,7.2,,,,,,12,,,,,,1094,,,,,,,,,,,,,,,,,,rpm,0mg/L,0mg/L,,,,,,,heavy,clear,,
6/5/2010,,,,,,,,,,,,,,,,,,,,,,,,,,,,,,7.3,,,,,,12,,,,,,1078,,,,,,,,,,,,,,,,,,rpm,,,,,,,,,,,,
6/5/2010,,,,,,,,,,,,,,,,,,,,,,,,,,,,,,7,,,,,,13,,,,,,1014,,,,,,,,,,,,,,,,,,rpm,,,,,,,,,,,,
11/13/2010,,,,6,,,,,,NTU,,,,,,,,9.5,,,,,,9?,,,,,,7.5,,,,,,12,,,,,,0.57,,,,,,,,,,,,,,,,,,m/s?,,,,,,,,,light,"clear, orange",,
11/13/2010,,,,6,,,,,,NTU,,,,,,,,,,,,,,,,,,,,7.5,,,,,,13,,,,,,0.58,,,,,,,,,,,,,,,,,,m/s?,,,,,,,,,,,,
11/13/2010,,,,6,,,,,,NTU,,,,,,,,,,,,,,,,,,,,7.5,,,,,,9,,,,,,0.55,,,,,,,,,,,,,,,,,,m/s?,,,,,,,,,,,,
11/13/2010,,,,,,,,,,,,,,,,,,,,,,,,,,,,,,,,,,,,,,,,,,0.55,,,,,,,,,,,,,,,,,,m/s?,,,,,,,,,,,,
11/13/2010,,,,,,,,,,,,,,,,,,,,,,,,,,,,,,,,,,,,,,,,,,0.63,,,,,,,,,,,,,,,,,,m/s?,,,,,,,,,,,,
11/13/2010,,,,,,,,,,,,,,,,,,,,,,,,,,,,,,,,,,,,,,,,,,0.61,,,,,,,,,,,,,,,,,,m/s?,,,,,,,,,,,,
12/11/2010?,,,,5,,,,,,NTU,,,,,,,,5,,,,,,7,,,,,,7,,,,,,12,,,,,,0.819,,,,,,,,,,,,,,,,,,m/s,,,,,,,,,heavy,clear,,
12/11/2010?,,,,5,,,,,,NTU,,,,,,,,5,,,,,,7,,,,,,7,,,,,,12,,,,,,0.81,,,,,,,,,,,,,,,,,,m/s,,,,,,,,,,,,
12/11/2010?,,,,5,,,,,,NTU,,,,,,,,5,,,,,,7,,,,,,7.4,,,,,,11,,,,,,0.764,,,,,,,,,,,,,,,,,,m/s,,,,,,,,,,,,
12/11/2010?,,,,,,,,,,,,,,,,,,,,,,,,,,,,,,,,,,,,,,,,,,0.771,,,,,,,,,,,,,,,,,,m/s,,,,,,,,,,,,
12/11/2010?,,,,,,,,,,,,,,,,,,,,,,,,,,,,,,,,,,,,,,,,,,0.753,,,,,,,,,,,,,,,,,,m/s,,,,,,,,,,,,
12/11/2010?,,,,,,,,,,,,,,,,,,,,,,,,,,,,,,,,,,,,,,,,,,0.821,,,,,,,,,,,,,,,,,,m/s,,,,,,,,,,,,
1/8/2011,,,,50,,,,,,NTU,,,,,,,,5,,,,,,6,,,,,,7.4,,,,,,13,,,,,,1022,,,,,,,,,,,,,,,,,,?,,,,,,,,,heavy,dark brown,,
1/8/2011,,,,40,,,,,,NTU,,,,,,,,5,,,,,,6,,,,,,8,,,,,,13,,,,,,1305,,,,,,,,,,,,,,,,,,?,,,,,,,,,,,,
1/8/2011,,,,35,,,,,,NTU,,,,,,,,5,,,,,,6,,,,,,8,,,,,,12,,,,,,1267,,,,,,,,,,,,,,,,,,?,,,,,,,,,,,,
2/12/11?,,,,<3,,,,,,NTU,,,,,,,,8,,,,,,7,,,,,,7.5,,,,,,11,,,,,,0.367,,,,,,,,,,,,,,,,,,m/s?,,,,,,,,,,,,
2/12/11?,,,,<3,,,,,,NTU,,,,,,,,8,,,,,,7,,,,,,7.3,,,,,,12,,,,,,0.464,,,,,,,,,,,,,,,,,,m/s?,,,,,,,,,,,,
2/12/11?,,,,,,,,,,,,,,,,,,,,,,,,,,,,,,7.25,,,,,,13,,,,,,0.455,,,,,,,,,,,,,,,,,,m/s?,,,,,,,,,,,,
2/12/11?,,,,,,,,,,,,,,,,,,,,,,,,,,,,,,,,,,,,,,,,,,0.456,,,,,,,,,,,,,,,,,,m/s?,,,,,,,,,,,,
2/12/11?,,,,,,,,,,,,,,,,,,,,,,,,,,,,,,,,,,,,,,,,,,0.447,,,,,,,,,,,,,,,,,,m/s?,,,,,,,,,,,,
3/12/2011,,,,5,,,,,,NTU,,,,,,,,7,,,,,,7.5,,,,,,7.25,,,,,,13,,,,,,1300,,,,,,,,,,,,,,,,,,?,,,,,,,,,heavy,clear,,
3/12/2011,,,,5,,,,,,NTU,,,,,,,,8,,,,,,7.5,,,,,,7.5,,,,,,13,,,,,,874,,,,,,,,,,,,,,,,,,?,,,,,,,,,,,,
3/12/2011,,,,6,,,,,,NTU,,,,,,,,7.5,,,,,,7.5,,,,,,7.3,,,,,,12,,,,,,1011,,,,,,,,,,,,,,,,,,?,,,,,,,,,,,,
3/12/2011,,,,,,,,,,,,,,,,,,,,,,,,,,,,,,,,,,,,,,,,,,972,,,,,,,,,,,,,,,,,,?,,,,,,,,,,,,
3/12/2011,,,,,,,,,,,,,,,,,,,,,,,,,,,,,,,,,,,,,,,,,,1313,,,,,,,,,,,,,,,,,,?,,,,,,,,,,,,
3/12/2011,,,,,,,,,,,,,,,,,,,,,,,,,,,,,,,,,,,,,,,,,,1466,,,,,,,,,,,,,,,,,,?,,,,,,,,,,,,
,,,,,,,,,,,,,,,,,,,,,,,,,,,,,,,,,,,,,,,,,,,,,,,,,,,,,,,,,,,,,,,,,,,,,,,,
,,,,,,,,,,,,,,,,,,,,,,,,,,,,,,,,,,,,,,,,,,,,,,,,,,,,,,,,,,,,,,,,,,,,,,,,
,,,,,,,,,,,,,,,,,,,,,,,,,,,,,,,,,,,,,,,,,,,,,,,,,,,,,,,,,,,,,,,,,,,,,,,,
,,,,,,,,,,,,,,,,,,,,,,,,,,,,,,,,,,,,,,,,,,,,,,,,,,,,,,,,,,,,,,,,,,,,,,,,
,,,,,,,,,,,,,,,,,,,,,,,,,,,,,,,,,,,,,,,,,,,,,,,,,,,,,,,,,,,,,,,,,,,,,,,,
10/19/2013,1,"47°33'07.16""N 122°09'54.26""W",,<10,,,,,,NTU,,,,,,,,11,,,,,,,,,,,,7.5,,,,,,13,,,,,,60,,,,,,25,,,,,,45,,,,,,cm/s,,,,,,,,,,,,
10/19/2013,2,"47°33'04.16""N 122°09'51.67""W",,<10,,,,,,NTU,,,,,,,,,,,,,,,,,,,,7.5,,,,,,11,,,,,,20,,,,,,35,,,,,,30,,,,,,cm/s,,,,,,,,,,,,
11/16/2013,1,"47°33'07.16""N 122°09'54.26""W",,<10,,,,,,NTU,,,,,,,,8,,,,,,8.7,,,,,,7.5,,,,,,11,,,,,,105,,,,,,60,,,,,,27,,,,,,cm/s,,,,,,,,,,,,
11/16/2013,2,"47°33'04.16""N 122°09'51.67""W",,<10,,,,,,NTU,,,,,,,,12,,,,,,10,,,,,,7.5,,,,,,10,,,,,,70,,,,,,80,,,,,,65,,,,,,cm/s,,,,,,,,,,,,
11/16/2013,1,"47°33'07.16""N 122°09'54.26""W",,<10,,,,,,NTU,,,,,,,,,,,,,,,,,,,,7.5,,,,,,11,,,,,,372,,,,,,2045,,,,,,1623,,,,,,,,,,,,,,,,,,
11/16/2013,1,"47°33'07.16""N 122°09'54.26""W",,<10,,,,,,NTU,,,,,,,,7.5,,,,,,9,,,,,,6.8,,,,,,13,,,,,,1194,,,,,,1744,,,,,,976,,,,,,,,,,,,,,,,,,
11/16/2013,2,"47°33'04.16""N 122°09'51.67""W",,<10,,,,,,NTU,,,,,,,,15,,,,,,15,,,,,,7.5,,,,,,12,,,,,,1122,,,,,,1338,,,,,,1265,,,,,,,,,,,,,,,,,,
11/16/2013,2,"47°33'04.16""N 122°09'51.67""W",,<10,,,,,,NTU,,,,,,,,13,,,,,,10,,,,,,6.5,,,,,,13,,,,,,1343,,,,,,1184,,,,,,448,,,,,,,,,,,,,,,,,,
11/16/2013,1,"47°33'07.16""N 122°09'54.26""W",,<10,,,,,,NTU,,,,,,,,15,,,,,,15,,,,,,7.5,,,,,,11,,,,,,372,,,,,,2045,,,,,,1623,,,,,,,,,,,,,,,,,,
11/16/2013,2,"47°33'04.16""N 122°09'51.67""W",,<10,,,,,,NTU,,,,,,,,,,,,,,,,,,,,7.5,,,,,,12,,,,,,1122,,,,,,1338,,,,,,1265,,,,,,,,,,,,,,,,,,
11/16/2013,1,"47°33'07.16""N 122°09'54.26""W",,<10,,,,,,NTU,,,,,,,,8,,,,,,9,,,,,,7.5,,,,,,12,,,,,,70,,,,,,140,,,,,,80,,,,,,cm/s,,,,,,,,,,,,
11/16/2013,2,"47°33'04.16""N 122°09'51.67""W",,<10,,,,,,NTU,,,,,,,,15,,,,,,15,,,,,,7.5,,,,,,13,,,,,,30,,,,,,65,,,,,,55,,,,,,cm/s,,,,,,,,,,,,
12/14/2013,2,"47°33'04.16""N 122°09'51.67""W",,,,,,,,,,,,,,,,5.7,,,,,,5,,,,,,,,,,,,,,,,,,,,,,,,,,,,,,,,,,,,,,,,,,,,,,,,
12/14/2013,1,"47°33'07.16""N 122°09'54.26""W",,,,,,,,,,,,,,,,,,,,,,,,,,,,7.5,,,,,,11,,,,,,1647,,,,,,1254,,,,,,1104,,,,,,,,,,,,,,,,,,
12/14/2013,2,"47°33'04.16""N 122°09'51.67""W",,<10,,,,,,NTU,,,,,,,,5.9,,,,,,5,,,,,,7.2,,,,,,14,,,,,,1154,,,,,,754,,,,,,852,,,,,,,,,,,,,,,,"Mayfly nymphs (15), Midgefly larvae (1)",,
12/14/2013,1,"47°33'07.16""N 122°09'54.26""W",,<10,,,,,,NTU,,,,,,,,,,,,,,,,,,,,7.5,,,,,,13,,,,,,,,,,,,,,,,,,,,,,,,,,,,,,,,,,"Mayfly nymphs (52), Aquatic worm (1), Stonefly nymph (2)",,
12/14/2013,2,"47°33'04.16""N 122°09'51.67""W",,<10,,,,,,NTU,,,,,,,,5.8,,,,,,4.9,,,,,,7,,,,,,13,,,,,,862.5,,,,,,688,,,,,,1906,,,,,,,,,,,,,,,,"Stonefly nymphs (20), Aquatic worm (1)",,
12/14/2013,1,"47°33'07.16""N 122°09'54.26""W",,<10,,,,,,NTU,,,,,,,,,,,,,,,,,,,,,,,,,,,,,,,,1207,,,,,,1215,,,,,,1456,,,,,,,,,,,,,,,,,,
2/8/2014,2,"47°33'04.16""N 122°09'51.67""W",,<10,,,,,,NTU,,,,,,,,1.47,,,,,,1.9,,,,,,8.68,,,,,,,,,,,,0.478,,,,,,,,,,,,0.47,,,,,,m/s,,,,,,,,,,,,
2/8/2014,2,"47°33'04.16""N 122°09'51.67""W",,,,,,,,,,,,,,,,3.1,,,,,,2.2,,,,,,7.33,,,,,,12.9,,,,,,,,,,,,,,,,,,,,,,,,,,,,,,,,,,,,
2/8/2014,2,"47°33'04.16""N 122°09'51.67""W",,,,,,,,,,,,,,,,,,,,,,2.1,,,,,,6.45,,,,,,11.6,,,,,,,,,,,,,,,,,,,,,,,,,,,,,,,,,,,,
2/8/2014,1,"47°33'07.16""N 122°09'54.26""W",,<10,,,,,,NTU,,,,,,,,1.77,,,,,,1.9,,,,,,8.04,,,,,,11.5,,,,,,0.688,,,,,,0.44,,,,,,0.218,,,,,,m/s,,,,,,,,,,,,
2/8/2014,1,"47°33'07.16""N 122°09'54.26""W",,<10,,,,,,NTU,,,,,,,,1.77,,,,,,1.9,,,,,,8.04,,,,,,11.5,,,,,,0.688,,,,,,0.44,,,,,,0.218,,,,,,m/s,,,,,,,,,,,,
4/19/2014,2,"47°33'04.16""N 122°09'51.67""W",,,,,,,,,,,,,,,,,,,,,,,,,,,,7,,,,,,,,,,,,,,,,,,,,,,,,,,,,,,,,,,,,,,,,,,
4/19/2014,2,"47°33'04.16""N 122°09'51.67""W",,,,,,,,,,,,,,,,,,,,,,,,,,,,,,,,,,13,,,,,,,,,,,,,,,,,,,,,,,,,,,,,,,,,,,,
4/19/2014,1,"47°33'07.16""N 122°09'54.26""W",,,,,,,,,,,,,,,,,,,,,,,,,,,,,,,,,,12,,,,,,,,,,,,,,,,,,,,,,,,,,,,,,,,,,,,
4/19/2014,1,"47°33'07.16""N 122°09'54.26""W",,,,,,,,,,,,,,,,,,,,,,,,,,,,,,,,,,,,,,,,55,,,,,,30,,,,,,77,,,,,,cm/s,,,,,,,,,,,,
4/19/2014,1,"47°33'07.16""N 122°09'54.26""W",,,,,,,,,,,,,,,,,,,,,,,,,,,,,,,,,,,,,,,,60,,,,,,30,,,,,,68,,,,,,cm/s,,,,,,,,,,,,
4/19/2014,2,"47°33'04.16""N 122°09'51.67""W",,,,,,,,,,,,,,,,,,,,,,,,,,,,,,,,,,,,,,,,70,,,,,,150,,,,,,105,,,,,,cm/s,,,,,,,,,,,,
5/17/2014,1,"47°33'07.16""N 122°09'54.26""W",,,,,,,,,,,,,,,,,,,,,,,,,,,,7.5,,,,,,,,,,,,,,,,,,,,,,,,,,,,,,,,,,,,,,,,,,
5/17/2014,2,"47°33'04.16""N 122°09'51.67""W",,,,,,,,,,,,,,,,,,,,,,,,,,,,7.5,,,,,,,,,,,,,,,,,,,,,,,,,,,,,,,,,,,,,,,,,,
5/17/2014,1,"47°33'07.16""N 122°09'54.26""W",,,,,,,,,,,,,,,,,,,,,,,,,,,,,,,,,,,,,,,,27,,,,,,20,,,,,,5,,,,,,cm/s,,,,,,,,,,,,
5/17/2014,2,"47°33'04.16""N 122°09'51.67""W",,,,,,,,,,,,,,,,,,,,,,,,,,,,,,,,,,,,,,,,25,,,,,,39,,,,,,30,,,,,,cm/s,,,,,,,,,,,,
5/17/2014,1,"47°33'07.16""N 122°09'54.26""W",,<10,,,,,,NTU,,,,,,,,14.9,,,,,,12.5,,,,,,,,,,,,13,,,,,,,,,,,,,,,,,,,,,,,,,,,,,,,,,,,,
5/17/2014,2,"47°33'04.16""N 122°09'51.67""W",,,,,,,,,,,,,,,,,,,,,,,,,,,,,,,,,,12,,,,,,,,,,,,,,,,,,,,,,,,,,,,,,,,,,,,
10/17/2014,1,"47°33'07.16""N 122°09'54.26""W",,<10,,,,,,NTU,,,,,,,,15.2,,,,,,14.2,,,,,,7.5,,,,,,10,,,,,,24,,,,,,110,,,,,,136,,,,,,cm/s,,,,,,,,,heavy,,,
10/17/2014,2,"47°33'04.16""N 122°09'51.67""W",,<10,,,,,,NTU,,,,,,,,,,,,,,,,,,,,7.5,,,,,,10,,,,,,86,,,,,,132,,,,,,110,,,,,,cm/s,,,,,,,,,heavy,,,
10/17/2014,1,"47°33'07.16""N 122°09'54.26""W",,<10,,,,,,NTU,,,,,,,,16.4,,,,,,14.2,,,,,,7.5,,,,,,9,,,,,,75,,,,,,40,,,,,,0,,,,,,cm/s,,,,,,,,,heavy,,,
10/17/2014,2,"47°33'04.16""N 122°09'51.67""W",,<10,,,,,,NTU,,,,,,,,,,,,,,,,,,,,7.5,,,,,,,,,,,,63,,,,,,65,,,,,,55,,,,,,cm/s,,,,,,,,,heavy,,,
10/17/2014,1,"47°33'07.16""N 122°09'54.26""W",,<10,,,,,,NTU,,,,,,,,15.8,,,,,,14.3,,,,,,7.5,,,,,,10,,,,,,153,,,,,,114,,,,,,40,,,,,,cm/s,,,,,,,,,heavy,,,
10/17/2014,2,"47°33'04.16""N 122°09'51.67""W",,<10,,,,,,NTU,,,,,,,,,,,,,,,,,,,,7.5,,,,,,10,,,,,,91,,,,,,143,,,,,,94,,,,,,cm/s,,,,,,,,,heavy,,,
10/17/2014,1,"47°33'07.16""N 122°09'54.26""W",,37,,,,,,NTU,,,,,,,,15.5,,,,,,14.4,,,,,,,,,,,,,,,,,,40,,,,,,52,,,,,,70,,,,,,cm/s,,,,,,,,,heavy,,,"rain started to pick up during data collection, making the water murkier over time"
10/17/2014,2,"47°33'04.16""N 122°09'51.67""W",,<10,,,,,,NTU,,,,,,,,16,,,,,,14.3,,,,,,7,,,,,,10,,,,,,45,,,,,,50,,,,,,35,,,,,,cm/s,,,,,,,,,heavy,,,
11/15/2014,1,"47°33'07.16""N 122°09'54.26""W",,<10,,,,,,NTU,,,,,,,,2,,,,,,0,,,,,,7.5,,,,,,13,,,,,,,,,,,,,,,,,,,,,,,,,,,,,,,,,none,,,Salmon were released into the stream so no stream flow data was collected
11/15/2014,2,"47°33'04.16""N 122°09'51.67""W",,<10,,,,,,NTU,,,,,,,,3,,,,,,3.2,,,,,,7.5,,,,,,13,,,,,,,,,,,,,,,,,,,,,,,,,,,,,,,,,none,,,
11/15/2014,1,"47°33'07.16""N 122°09'54.26""W",,<10,,,,,,NTU,,,,,,,,2,,,,,,3.7,,,,,,7.5,,,,,,13,,,,,,,,,,,,,,,,,,,,,,,,,,,,,,,,,none,,,
11/15/2014,2,"47°33'04.16""N 122°09'51.67""W",,<10,,,,,,NTU,,,,,,,,0.9,,,,,,3.3,,,,,,7.5,,,,,,14,,,,,,,,,,,,,,,,,,,,,,,,,,,,,,,,,none,,,
11/15/2014,1,"47°33'07.16""N 122°09'54.26""W",,<10,,,,,,NTU,,,,,,,,1.6,,,,,,3.3,,,,,,7.5,,,,,,10,,,,,,,,,,,,,,,,,,,,,,,,,,,,,,,,,none,,,"One dead salmon found, Sunny, frosty, gusts of wind, smells of decomposing vegitation, fish, rotton eggs"
11/15/2014,2,"47°33'04.16""N 122°09'51.67""W",,<10,,,,,,NTU,,,,,,,,4,,,,,,5,,,,,,7.5,,,,,,11,,,,,,,,,,,,,,,,,,,,,,,,,,,,,,,,,none,,,
11/15/2014,1,"47°33'07.16""N 122°09'54.26""W",,<10,,,,,,NTU,,,,,,,,1.3,,,,,,3.4,,,,,,7.5,,,,,,15,,,,,,,,,,,,,,,,,,,,,,,,,,,,,,,,,none,,,
11/15/2014,2,"47°33'04.16""N 122°09'51.67""W",,<10,,,,,,NTU,,,,,,,,1.6,,,,,,3.3,,,,,,7.5,,,,,,13,,,,,,,,,,,,,,,,,,,,,,,,,,,,,,,,,none,,,dead salmon at site 2
*12/13/2014,1,"47°33'07.16""N 122°09'54.26""W",1,<10,<10,<10,,,,NTU,>1.20,>1.20,>1.20,,,,m,10,9,10,,,,8,8,8,,,,,,,,,,,,,,,,,,,,,,,,,,,,,,,,,,,,,,,,,,,,,"Gillian, Andes, Sans",
*12/13/2014,2,"47°33'04.16""N 122°09'51.67""W",1,<10,<10,<10,,,,NTU,>1.20,>1.20,>1.20,,,,m,12,12,12,,,,8,8,8,,,,,,,,,,,,,,,,,,,,,,,,,,,,,,,,,,,,,,,,,,,,,"Gillian, Andes, Sans",
*12/13/2014,1,"47°33'07.16""N 122°09'54.26""W",2,,,,,,,,,,,,,,,,,,,,,,,,,,,,,,,,,13,13,14,,,,,,,,,,,,,,,,,,,,,,,,,,,,,,,heavy,,"Jenna, Manjot, Laetitia","really windy past three days, and trees have fallen"
*12/13/2014,2,"47°33'04.16""N 122°09'51.67""W",2,,,,,,,,,,,,,,,,,,,,,,,,,,,,,,,,,12,11,13,,,,,,,,,,,,,,,,,,,,,,,,,,,,,,,heavy,,"Jenna, Manjot, Laetitia",water was foamy; fallen trees
*12/13/2014,1,"47°33'07.16""N 122°09'54.26""W",3,,,,,,,,,,,,,,,,,,,,,,,,,,,,,,,,,,,,,,,80.4,,,,,,94.7,,,,,,51,,,,,,cm/s,,,,,,,,,moderate,,"Joseph, Keian, Sooyoung",foamy
*12/13/2014,2,"47°33'04.16""N 122°09'51.67""W",3,,,,,,,,,,,,,,,,,,,,,,,,,,,,,,,,,,,,,,,45.8,,,,,,86.2,,,,,,78.1,,,,,,cm/s,,,,,,,,,moderate,,"Joseph, Keian, Sooyoung",foamy
*12/13/2014,1,"47°33'07.16""N 122°09'54.26""W",4,,,,,,,,,,,,,,,,,,,,,,,,,,,7.5,7.5,7.5,,,,,,,,,,,,,,,,,,,,,,,,,,,,,,,,,,,,,,,"Rachel, Emma, Sunayana",
*12/13/2014,2,"47°33'04.16""N 122°09'51.67""W",4,,,,,,,,,,,,,,,,,,,,,,,,,,,7.5,7.5,7.5,,,,,,,,,,,,,,,,,,,,,,,,,,,,,,,,,,,,,,,"Rachel, Emma, Sunayana",
1/10/2015,1,"47°33'07.16""N 122°09'54.26""W",5,<10,<10,<10,,,,NTU,>1.20,>1.20,>1.20,,,,m,8,8,7.6,,,,7.5,7.5,7.5,,,,,,,,,,,,,,,,,,,,,,,,,,,,,,,,,,,,,,,,,,,moderate,,"Joseph, Sooyoung, Sasha",
1/10/2015,2,"47°33'04.16""N 122°09'51.67""W",5,<10,<10,<10,,,,NTU,>1.20,>1.20,>1.20,,,,m,8.6,8.2,8.2,,,,7.5,7.5,7.5,,,,,,,,,,,,,,,,,,,,,,,,,,,,,,,,,,,,,,,,,,,moderate,,"Joseph, Sooyoung, Sasha",
1/10/2015,1,"47°33'07.16""N 122°09'54.26""W",6,,,,,,,,,,,,,,,,,,,,,,,,,,,,,,,,,,,,,,,54,53.8,,,,,53.5,51.9,,,,,52,53.6,,,,,cm/s,,,,,,,,,light,,"Sunayana, Gillian, Emma","General area is pretty bare due to rain, lots of green stuff on trees, and fallen trees"
1/10/2015,2,"47°33'04.16""N 122°09'51.67""W",6,,,,,,,,,,,,,,,,,,,,,,,,,,,,,,,,,,,,,,,52.8,55.7,,,,,52.6,54.6,,,,,56,56.7,,,,,cm/s,,,,,,,,,light,,"Sunayana, Gillian, Emma","General area is pretty bare due to rain, lots of green stuff on trees, and fallen trees"
1/10/2015,1,"47°33'07.16""N 122°09'54.26""W",7,,,,,,,,,,,,,,,,,,,,,,,,,,,7.5,7.5,7,,,,,,,,,,,,,,,,,,,,,,,,,,,,,,,,,,,,,light,,"Jenna, Laetitia","foamy, water everywhere on site"
1/10/2015,2,"47°33'04.16""N 122°09'51.67""W",7,,,,,,,,,,,,,,,,,,,,,,,,,,,7.5,7.5,7.5,,,,,,,,,,,,,,,,,,,,,,,,,,,,,,,,,,,,,light,,"Jenna, Laetitia",fallen branches
1/10/2015,1,"47°33'07.16""N 122°09'54.26""W",8,,,,,,,,,,,,,,,,,,,,,,,,,,,,,,,,,14,11,10,,,,,,,,,,,,,,,,,,,,,,,,,,,,,,,,,"Manjot, Andes",
1/10/2015,2,"47°33'04.16""N 122°09'51.67""W",8,,,,,,,,,,,,,,,,,,,,,,,,,,,,,,,,,10,11,10,,,,,,,,,,,,,,,,,,,,,,,,,,,,,,,,,"Manjot, Andes",
2/28/2015,1,"47°33'07.16""N 122°09'54.26""W",,<10,,,,,,NTU,>1.20,,,,,,m,9.5,8,9,,,,7.5,7.2,7.5,,,,7.5,7.5,7.5,,,,12,10,13,,,,1690,,,,,,1586,,,,,,1648,,,,,,cm/s,,,,,,,,,Moderate,,All combined,woodpecker sighting
2/28/2015,2,"47°33'04.16""N 122°09'51.67""W",,<10,,,,,,NTU,>1.20,,,,,,m,10,10.1,10,,,,7,7,7,,,,7.5,7.5,7.5,,,,9,10,11,,,,78,,,,,,66,,,,,,67,,,,,,cm/s,,,,,,,,,Moderate,,All combined,
3/21/2015,1,"47°33'07.16""N 122°09'54.26""W",,,,,,,,,,,,,,,,,,,,,,,,,,,,,,,,,,11,13,12,,,,,,,,,,,,,,,,,,,,,,,,,,,,,,,Heavy,,"Joseph, Sooyoung",Weather changed from rainy/cloudy to sunny between 11:22 to 11:26
3/21/2015,2,"47°33'04.16""N 122°09'51.67""W",,,,,,,,,,,,,,,,,,,,,,,,,,,,,,,,,,12,13,12,,,,,,,,,,,,,,,,,,,,,,,,,,,,,,,Heavy,,"Joseph, Sooyoung",Weather changed from rainy/cloudy to sunny between 11:22 to 11:27
3/21/2015,1,"47°33'07.16""N 122°09'54.26""W",,,,,,,,,,,,,,,,,,,,,,,,,,,,,,,,,,,,,,,,744,,,,,,1869,,,,,,2296,,,,,,cm/s,,,,,,,,,Heavy,,"Andes, Manjot, Sasha",
3/21/2015,2,"47°33'04.16""N 122°09'51.67""W",,,,,,,,,,,,,,,,,,,,,,,,,,,,,,,,,,,,,,,,2025,,,,,,5085,,,,,,6250,,,,,,cm/s,,,,,,,,,Heavy,,"Andes, Manjot, Sasha",
3/21/2015,1,"47°33'07.16""N 122°09'54.26""W",,11,11,12,,,,NTU,>1.20,>1.20,>1.20,,,,m,7.5,8,10,,,,11,11,11,,,,7.5,7.5,7.5,,,,,,,,,,,,,,,,,,,,,,,,,,,,,,,,,,,,,Moderate,,"Emma, Gillian","2nd day of sprimg, more water than usual, flowers have yet to bloom"
3/21/2015,2,"47°33'04.16""N 122°09'51.67""W",,<10,<10,<10,,,,NTU,>1.20,>1.20,>1.20,,,,m,5,7,10,,,,12,12,12,,,,7.5,7.5,7.5,,,,,,,,,,,,,,,,,,,,,,,,,,,,,,,,,,,,,Moderate,,"Emma, Gillian","2nd day of sprimg, more water than usual, flowers have yet to bloom"
4/25/2015,1,"47°33'07.16""N 122°09'54.26""W",,<10,<10,<12,,,,,,,1.15,,,,m,,,,,,,,,,,,,,,,,,,,,,,,,,,,,,,,,,,,,,,,,,,,,,,,,,,,,,,
4/25/2015,2,"47°33'04.16""N 122°09'51.67""W",,,,,,,,,,,,,,,,,,,,,,,,,,,,,,,,,,,,,,,,,,,,,,,,,,,,,,,,,,,,,,,,,,,,,,
10/24/2015,1,"47°33'07.16""N 122°09'54.26""W",,<10,<10,<10,<10,<10,,NTU,>1.20,>1.20,>1.20,>1.20,>1.20,,m,10,10.8,10,10.8,10.2,,8,10.1,9.5,9.4,11.3,,7.5,7.5,7.5,8,8,,12,13,12,10,12,,,,,,,,,,,,,,,,,,,,,,,,,,,,,Light,,All Combined,Stream is very shallow and slow moving. There were pink salmon visible.
10/24/2015,2,"47°33'04.16""N 122°09'51.67""W",,<10,<10,<10,<10,<10,,NTU,>1.20,>1.20,>1.20,>1.20,>1.20,,m,8,10.1,9.5,9.4,11.3,,9,10.8,10.9,10.4,11.1,,7,7.5,7.5,8,7.5,,11,13,13,11,9,,,,,,,,,,,,,,,,,,,,,,,,,,,,,Light,,All Combined,water very clear; many dead leaves (big maple)
11/14/2015,1,"47°33'07.16""N 122°09'54.26""W",,<10,<10,<10,<10,,,NTU,,,,,,,,,,,,,,,,,,,,7,7,7,7.5,,,12,11,13,10,,,,,,,,,,,,,,,,,,,,,,,,,,,,,,Heavy,,All Combined,"Very rainy, high water level, lots of sedements floating in the water"
11/14/2015,2,"47°33'04.16""N 122°09'51.67""W",,<10,<10,<10,<10,,,NTU,,,,,,,,,,,,,,,,,,,,7,7.5,7,7,,,13,12,11.5,12,,,,,,,,,,,,,,,,,,,,,,,,,,,,,,,,,"Very rainy, high water level, lots of sedements floating in the water"
12/12/2015,1,"47°33'07.16""N 122°09'54.26""W",,73,40,,81,,,NTU,,,,,,,m,7,9,,8,,,8,10,,10,,,7.5,7.5,7.25,7.5,,,11,9,13,9,,,,,,,,,,,,,,,,,,,,,,,,,,,,,,Moderate,,All Combined,"Fallen trees, receded waterline, low and fast flowing water"
12/12/2015,2,"47°33'04.16""N 122°09'51.67""W",,42,62.5,,56,,,NTU,,,73,,,,m,5,5,7,,,,8,8,8.5,,,,7.5,7.5,7,7.5,,,10,11,9,9,,,,,,,,,,,,,,,,,,,,,,,,,,,,,,Moderate,,All Combined,"Broken branches, receded waterline, low and fast flowing water"
1/9/2016,1,"47°33'07.16""N 122°09'54.26""W",,,<10,<10,<10,,,NTU,>1.20,>1.20,>1.20,>1.20,,,m,5,-0.2,,2,,,3,4,4,,,,7.5,7.5,7.5,7.5,,,12,14,14,15,,,130,946,443,153,,,935,699,1167,562,,,902,322,1043,23,,,cm/s,,,,,,,,,Trace,,All Combined,"Stream very low/shallow, very cold day, hard to submerge the flow rocket., smelly pipes, sunny day"
1/9/2016,2,"47°33'04.16""N 122°09'51.67""W",,,<10,<10,<10,,,NTU,>1.20,>1.20,>1.20,>1.20,,,m,0,0,2,2,,,1,4,5,3.5,,,7.5,7.5,7.4,7.5,,,9,12,13,17,,,2288,311,1927,9,,,1491,1245,957,609,,,79,2158,328,769,,,cm/s,,,,,,,,,Trace,,All Combined,"Stream very low/shallow, very cold day, hard to submerge the flow rocket., smelly pipes, sunny day"
2/6/2016,1,"47°33'07.16""N 122°09'54.26""W",,<10,<10,<10,<10,,,NTU,>1.20,>1.20,>1.20,,,,,10,10,9,9.4,,,8,10,7.78,7.2,,,7,7.5,7.5,7,,,14,13,14,14,,,60,52,40,30,,,68,98,70,135,,,53,84,35,40,,,cm/s,,,,,,,,,Moderate,,All Combined,"high clouds, bright, no rain"
2/6/2016,2,"47°33'04.16""N 122°09'51.67""W",,<10,<10,<10,<10,,,NTU,>1.20,>1.20,>1.20,>1.20,,,m,10,10,8.89,10,,,8,9,7.78,8.3,,,7.5,7.5,7.5,7.2,,,13,13,14,14,,,85,50,50,105,,,97,85,95,95,,,46,48,50,60,,,cm/s,,,,,,,,,Moderate,,All Combined,
3/12/2016,1,"47°33'07.16""N 122°09'54.26""W",,<10,,<10,<10,,,NTU,>1.2,>1.20,>120,,,,m,10,11,11,8,,,9,9,9,9,,,7.5,7.5,7.5,7.5,,,16,12,15,12,,,1355,4583,752,1075,,,1669,1426,2001,1638,,,1737,,737,1057,,,rpm,,,,,,,,,Heavy,,All Combined,"Partly sunny, oily bridge on walk between site 1 and 2"
3/12/2016,2,"47°33'04.16""N 122°09'51.67""W",,<10,,<10,<10,,,NTU,>1.2,1.135,>120,,,,m,5,7.9,8,9,,,8,8.5,9,9,,,7,7.25,7.5,7.5,,,20,11,11,11,,,2084,690,,,,,1410,1384,1520,,,,1200,903,2439,,,,rpm,,,,,,,,,Heavy,,All Combined,
4/23/2016,1,"47°33'07.16""N 122°09'54.26""W",,<10,,,,,,,120,,,,,,cm,14.4,,,,,,12.8,,,,,,7.5,,,,,,9,,,,,,71,,,,,,578,,,,,,431,,,,,,rpm,,,205,,,,,,Light,,Sydney & Andy,
4/23/2016,2,"47°33'04.16""N 122°09'51.67""W",,<10,,,,,,,120,,,,,,cm,15.5,,,,,,10,,,,,,7.5,,,,,,7.5,,,,,,523,,,,,,871,,,,,,258,,,,,,rpm,,,273,,,,,,Light,,Sydney & Andy,
4/23/2016,1,"47°33'07.16""N 122°09'54.26""W",,,<10,,,,,,,,,,,,m,,15,,,,,,12.4,,,,,,7.75,,,,,,12,,,,,,N/A too shallow,,,,,,792,,,,,,456,,,,,rpm,,,199.5,,,,,,Light,,Eli & Fionna,Super sunny last week
4/23/2016,2,"47°33'04.16""N 122°09'51.67""W",,,<10,,,,,,,,,,,,m,,14.4,,,,,,12.6,,,,,,7.5,,,,,,10,,,,,,495,,,,,,346,,,,,,301,,,,,rpm,,,202.9,,,,,,Light,,Eli & Fionna,
4/23/2016,1,"47°33'07.16""N 122°09'54.26""W",,,,<10,,,,NTU,,,>1.2,,,,m,,,14,,,,,,13,,,,,,7.5,,,,,,14,,,,,,71,,,,,,578,,,,,,431,,,,rpm,,,207.7,,,,,,Light,,Rena & Najma,Stream is smaller then usual
4/23/2016,2,"47°33'04.16""N 122°09'51.67""W",,,,<10,,,,NTU,,,>1.2,,,,m,,,15,,,,,,12,,,,,,7.5,,,,,,15,,,,,,523,,,,,,871,,,,,,258,,,,rpm,,,248,,,,,,Light,,Rena & Najma,
4/23/2016,1,"47°33'07.16""N 122°09'54.26""W",,,,,<10,,,NTU,,,,>1.2,,,m,,,,15,,,,,,12.6,,,,,,8,,,,,,12,,,,,,71,,,,,,578,,,,,,431,,,rpm,,,192.3,,,,,,Trace,,Tony & Hyun,
4/23/2016,2,"47°33'04.16""N 122°09'51.67""W",,,,,<10,,,NTU,,,,>1.2,,,m,,,,14.4,,,,,,12.1,,,,,,8,,,,,,12,,,,,,430,,,,,,804,,,,,,405,,,rpm,,,204,,,,,,Trace,,Tony & Hyun,
5/14/2016,1,"47°33'07.16""N 122°09'54.26""W",,<10,,,,,,NTU,>1.2,,,,,,m,14,,,,,,12.9,,,,,,7.5,,,,,,10,,,,,,,,,,,,,,,,,,,,,,,,rpm,,,206,,,,,,Trace/Intermittent,,"Hyun, Fionna, Tanvi",
5/14/2016,2,"47°33'04.16""N 122°09'51.67""W",,<10,,,,,,NTU,>1.2,,,,,,m,13,,,,,,12.9,,,,,,7.5,,,,,,10,,,,,,982,,,,,,919,,,,,,597.5,,,,,,rpm,,,244.4,,,,,,Trace/Intermittent,,"Hyun, Fionna, Tanvi",
5/14/2016,1,"47°33'07.16""N 122°09'54.26""W",,,<10,,,,,NTU,,>1.2,,,,,m,,13,,,,,,12,,,,,,7.5,,,,,,14,,,,,,201,,,,,,229,,,,,,240,,,,,rpm,,,,,,,,,Light,,Andy & Tony,
5/14/2016,2,"47°33'04.16""N 122°09'51.67""W",,,<10,,,,,NTU,,>1.2,,,,,m,,,,,,,,,,,,,,7.5,,,,,,10,,,,,,,,,,,,,,,,,,,,,,,rpm,,,244.4,,,,,,Light,,Andy & Tony,
5/14/2016,1,"47°33'07.16""N 122°09'54.26""W",,,,<10,,,,NTU,,,>1.2,,,,m,,,14,,,,,,12,,,,,,7.5,,,,,,7,,,,,,326,,,,,,584,,,,,,10,,,,rpm,,,,,,,,,Trace,,Sydney & Rena,Broken stream velocity measurement probe
5/14/2016,2,"47°33'04.16""N 122°09'51.67""W",,,,<10,,,,NTU,,,>1.2,,,,m,,,13,,,,,,11,,,,,,7.5,,,,,,10,,,,,,220,,,,,,100,,,,,,5,,,,rpm,,,,,,,,,Trace,,Sydney & Rena,
5/14/2016,1,"47°33'07.16""N 122°09'54.26""W",,,,,<10,,,NTU,,,,>1.25,,,m,,,,12,,,,,,12.5,,,,,,7.5,,,,,,11,,,,,,Too shallow,,,,,,89,,,,,,146,,,rpm,,,,,,,,,Trace,,Jenna & Emma,"No rain for a long time but it's raining right now, so much foliage, stream is very skinny and shallow"
5/14/2016,2,"47°33'04.16""N 122°09'51.67""W",,,,,<10,,,NTU,,,,>1.25,,,m,,,,12,,,,,,12,,,,,,8,,,,,,10,,,,,,220,,,,,,80,,,,,,Too shallow,,,rpm,,,,,,,,,Trace,,Jenna & Emma,
6/28/2016,1,"47°33'07.16""N 122°09'54.26""W",,,,,,,,,,,,,,,,17,,,,,,16,,,,,,7.5,,,,,,,,,,,,,,,,,,,,,,,,,,,,,,,,,,,,,,,Light,,Ian,Broken stream velocity measurement probe
6/28/2016,2,"47°33'04.16""N 122°09'51.67""W",,<10,,,,,,,,,,,,,,21,,,,,,16,,,,,,7.5,,,,,,11,,,,,,,,,,,,,,,,,,,,,,,,,,,,,,,,,Light,,Ian,
6/28/2016,1,"47°33'07.16""N 122°09'54.26""W",,,<10,,,,,NTU,,>1.2,,,,,m,,19,,,,,,16,,,,,,7.5,,,,,,10,,,,,,,,,,,,,,,,,,,,,,,,,,,,,,,,None,,Tony,Gentle stream flow
6/28/2016,2,"47°33'04.16""N 122°09'51.67""W",,,<10,,,,,NTU,,>1.2,,,,,m,,20.5,,,,,,17,,,,,,7.5,,,,,,,,,,,,,,,,,,,,,,,,,,,,,,,,,,,,,,None,,Tony,
No date,1,"47°33'07.16""N 122°09'54.26""W",,,,,,,,,,,,,,,,,,,,,,,,,,,,,,6.5,,,,,,10,,,,,,,,,,,,,,,,,,,,,,,,,,,,,,,,,,
No date,2,"47°33'04.16""N 122°09'51.67""W",,,,,,,,,,,,,,,,,,,,,,,,,,,,,,6.5,,,,,,11,,,,,,,,,,,,,,,,,,,,,,,,,,,,,,,,,No name,
7/19/2016,1,"47°33'07.16""N 122°09'54.26""W",,<10,,,,,,NTU,>1.20,,,,,,m,20.9,,,,,,16.4,,,,,,7.5,,,,,,11,,,,,,,,,,,,,,,,,,,,,,,,,,,235.5,,,,,,None,,Fionna & Rachel,"Water level low, too low to measure stream velocity"
7/19/2016,2,"47°33'04.16""N 122°09'51.67""W",,<10,,,,,,NTU,>1.20,,,,,,m,20.8,,,,,,16.7,,,,,,8,,,,,,12,,,,,,,,,,,,,,,,,,,,,,,,,,,243.5,,,,,,None,,Fionna & Rachel,
7/19/2016,1,"47°33'07.16""N 122°09'54.26""W",,,<10,,,,,NTU,,>1.20,,,,,m,,22.7,,,,,,16.4,,,,,,7.75,,,,,,9,,,,,,,,,,,,,,,,,,,,,,,,,,239.5,,,,,,None,,Eli & Ian,Too low to measure stream velocity
7/19/2016,2,"47°33'04.16""N 122°09'51.67""W",,,<10,,,,,NTU,,>1.20,,,,,m,,22.3,,,,,,17,,,,,,7.5,,,,,,11,,,,,,,,,,,,,,,,,,,,,,,,,,241,,,,,,None,,Eli & Ian,
7/19/2016,1,"47°33'07.16""N 122°09'54.26""W",,,,<10,,,,NTU,,,120,,,,cm,,,,,,,,,16.5,,,,,,7.75,,,,,,9,,,,,,,,,,,,,,,,,,,,,,,,,240.4,,,,,,None,,Hyun & Joseph,
7/19/2016,2,"47°33'04.16""N 122°09'51.67""W",,,,<10,,,,NTU,,,120,,,,cm,,,25.4,,,,,,16.6,,,,,,7.5,,,,,,8.5,,,,,,,,,,,,,,,,,,,,,,,,,241.8,,,,,,None,,Hyun & Joseph,
10/29/2016,1,"47°33'07.16""N 122°09'54.26""W",,92,,,,,,cm,,,,,,,,10.5,,,,,,11.5,,,,,,8.5,,,,,,11,,,,,,,,,,,,,,,,,,,,,,,,,,,189,,,,,,Moderate,,Fionna & Linh,Saw salmon spawning!
10/29/2016,2,"47°33'04.16""N 122°09'51.67""W",,,,,,,,,120,,,,,,cm,12,,,,,,11,,,,,,7.5,,,,,,13,,,,,,,,,,,,,,,,,,,,,,,,,,,191,,,,,,Moderate,,Fionna & Linh,
10/29/2016,1,"47°33'07.16""N 122°09'54.26""W",,,1.13,,,,,m,,>1.20,,,,,m,,11.6,,,,,,11.1,,,,,,7.75,,,,,,9,,,,,,,,,,,,,,,,,,,,,,,,,,175,,,,,,Moderate,,Mariah,"***Drawing of salmon laying eggs...""I sell egg"""
10/29/2016,2,"47°33'04.16""N 122°09'51.67""W",,,1.13,,,,,m,,>1.20,,,,,m,,13.8,,,,,,12.2,,,,,,8.5,,,,,,11,,,,,,,,,,,,,,,,,,,,,,,,,,174,,,,,,Moderate,,Mariah,
10/29/2016,1,"47°33'07.16""N 122°09'54.26""W",,,,<10,,,,NTU,,,1.06,,,,m,,,10.5,,,,,,11.2,,,,,,8.5,,,,,,12,,,,,,,,,,,,,,,,,,,,,,,,,134.8,,,,,,Light,,"Anirudh, Hyun and Anay",
10/29/2016,2,"47°33'04.16""N 122°09'51.67""W",,,,<10,,,,NTU,,,0.98,,,,m,,,14,,,,,,11.4,,,,,,7.5,,,,,,11,,,,,,,,,,,,,,,,,,,,,,,,,125.7,,,,,,Light,,"Anirudh, Hyun and Anay",
10/29/2016,1,"47°33'07.16""N 122°09'54.26""W",,,,,<10,,,NTU,,,,0.97,,,m,,,,11,,,,,,11,,,,,,7,,,,,,10,,,,,,,,,,,,,,,,,,,,,,,,125,,,,,,Light,,"Jimmy, Tony, and Jessica",It's raining
10/29/2016,2,"47°33'04.16""N 122°09'51.67""W",,,,,<10,,,NTU,,,,1.2,,,m,,,,12,,,,,,11,,,,,,7,,,,,,11,,,,,,,,,,,,,,,,,,,,,,,,126.5,,,,,,Light,,"Jimmy, Tony, and Jessica",
10/29/2016,1,"47°33'07.16""N 122°09'54.26""W",,,,,,<10,,NTU,,,,,0.75,,m,,,,,11,,,,,,11.6,,,,,,7.5,,,,,,12,,,,,,,,,,,,,,,,,,,,,,,161,,,,,,Moderate,,"Tanvi, Rena & Kent",
10/29/2016,2,"47°33'04.16""N 122°09'51.67""W",,,,,,,,,,,,,>1.20,,m,,,,,13.8,,,,,,12.2,,,,,,7.5,,,,,,11,,,,,,,,,,,,,,,,,,,,,,,167,,,,,,Moderate,,"Tanvi, Rena & Kent",
11/19/2016,1,"47°33'07.16""N 122°09'54.26""W",,,,,,,,,>1.20,,,,,,m,,,,,,,,,,,,,7,,,,,,12,,,,,,,,,,,,,,,,,,,,,,,,,,,128.1,,,,,,Trace,,"Andy, Kim and Linh",***see mathematical breakdown
11/19/2016,2,"47°33'04.16""N 122°09'51.67""W",,,,,,,,,>1.20,,,,,,m,11,,,,,,10,,,,,,7,,,,,,13,,,,,,,,,,,,,,,,,,,,,,,,,,,,,,,,,Trace,,"Andy, Kim and Linh",
11/19/2016,1,"47°33'07.16""N 122°09'54.26""W",,,<10,,,,,NTU,,>1.2,,,,,m,,10.8,,,,,,9.45,,,,,,7.5,,,,,,11,,,,,,,,,,,,384,,,,,,,,,,,,,,134.6,,,,,,Trace,,Tanvi,
11/19/2016,2,"47°33'04.16""N 122°09'51.67""W",,,<10,,,,,NTU,,>1.2,,,,,m,,,,,,,,,,,,,,7.5,,,,,,13,,,,,,,,,,,,,,,,,,,,,,,,,,135.5,,,,,,Trace,,Tanvi,
11/19/2016,1,"47°33'07.16""N 122°09'54.26""W",,,,,,,,,,,>1.2,,,,m,,,,,,,,,,,,,,,7.5,,,,,,11,,,,,,,,,,,,229,,,,,,,,,,,,,140.4,,,,,,Trace,,"Jessica, Eli, and Kent",
11/19/2016,2,"47°33'04.16""N 122°09'51.67""W",,,,,,,,,,,>1.2,,,,m,,,11.4,,,,,,9.4,,,,,,7.5,,,,,,11,,,,,,,,,,,,,,,,,,,,,,,,,134.2,,,,,,Trace,,"Jessica, Eli, and Kent",
11/19/2016,1,"47°33'07.16""N 122°09'54.26""W",,,,,<10,,,NTU,,,,>1.2,,,m,,,,10,,,,,,10,,,,,,7,,,,,,13,,,,,,,,,,,,,,,,,,,,,,,,141.4,,,,,,Light,,"Anirudh, Fionna and Akshita",Thermometer reading did not change when underwater
11/19/2016,2,"47°33'04.16""N 122°09'51.67""W",,,,,<10,,,NTU,,,,>1.2,,,m,,,,12.3,,,,,,10,,,,,,7,,,,,,12,,,,,,,,,,,,,,,,,,,,,,,,135,,,,,,Light,,"Anirudh, Fionna and Akshita",
11/19/2016,1,"47°33'07.16""N 122°09'54.26""W",,,,,,<10,,NTU,,,,,1.27,,m,,,,,11,,,,,,4.4,,,,,,7.5,,,,,,10,,,,,,,,,,,,,,,,,,,,,,,133.5,,,,,,Light,,"Rena, Tony and Mariah",
11/19/2016,2,"47°33'04.16""N 122°09'51.67""W",,,,,,<10,,NTU,,,,,1.27,,m,,,,,,,,,,,,,,,,,7.5,,,,,,12,,,,,,,,,,,,,,,,,,,,,,,134.7,,,,,,Light,,"Rena, Tony and Mariah",
12/10/2016,1,"47°33'07.16""N 122°09'54.26""W",,,,,,,,,>1.21,,,,,,m,7,,,,,,6,,,,,,7.25,,,,,,12,,,,,,1723,,,,,,2091,,,,,,1188,,,,,,rpm,,,188.3,,,,,,Heavy,,Jessica and Andy,
12/10/2016,2,"47°33'04.16""N 122°09'51.67""W",,,,,,,,,>1.21,,,,,,m,10,,,,,,7,,,,,,7.75,,,,,,13,,,,,,1242,,,,,,1364,,,,,,1827,,,,,,rpm,,,188.7,,,,,,Heavy,,Jessica and Andy,
12/10/2016,1,"47°33'07.16""N 122°09'54.26""W",,,<10,,,,,NTU,,120,,,,,cm,,5,,,,,,7,,,,,,7.5,,,,,,14,,,,,,2100,,,,,,2213,,,,,,929,,,,,,,,184,,,,,,Moderate,,Tanvi and Linh,"Site 1 - 9 saplings, Site 2 - 9 saplings"
12/10/2016,2,"47°33'04.16""N 122°09'51.67""W",,,<10,,,,,NTU,,120,,,,,cm,,5,,,,,,7.5,,,,,,7.25,,,,,,12,,,,,,1552,,,,,,1428,,,,,,1210,,,,,,,,171.1,,,,,,Moderate,,Tanvi and Linh,
12/10/2016,1,"47°33'07.16""N 122°09'54.26""W",,,,,,,,,,,120,,,,cm,,,6,,,,,,6.2,,,,,,7.5,,,,,,13,,,,,,1281,,,,,,1800,,,,,,1239,,,,,,,193.2,,,,,,Heavy,,"Rena, Akshita, Eli",
12/10/2016,2,"47°33'04.16""N 122°09'51.67""W",,,,,,,,,,,120,,,,cm,,,,,,,,,6.5,,,,,,7,,,,,,11,,,,,,1083,,,,,,1489,,,,,,1714,,,,,,,189.6,,,,,,Heavy,,"Rena, Akshita, Eli",
12/10/2016,1,"47°33'07.16""N 122°09'54.26""W",,,,,<10,,,NTU,,,,>1.2,,,m,,,,6,,,,,,6.2,,,,,,7.5,,,,,,14,,,,,,1637,,,,,,1809,,,,,,1244,,,,,,184,,,,,,Moderate,,"Kent, Anirudh and Fionna","Site 1 - fill up pH vial to top of foggy area, Site 2 - fill up…"" bottom "", Site 2 - Stream flow numbers hard to see"
12/10/2016,2,"47°33'04.16""N 122°09'51.67""W",,,,,<10,,,NTU,,,,>1.2,,,m,,,,4,,,,,,6.4,,,,,,7.5,,,,,,14,,,,,,1320,,,,,,2490,,,,,,607,,,,,,181.2,,,,,,Moderate,,"Kent, Anirudh and Fionna",
3/12/2016,1,"47°33'07.16""N 122°09'54.26""W",,<10,,,,,,NTU,>1.2,,,,,,m,10,,,,,,9,,,,,,7.5,,,,,,16,,,,,,1355,,,,,,1669,,,,,,1737,,,,,,,,,88,,,,,,Heavy,,Sydney,
3/12/2016,2,"47°33'04.16""N 122°09'51.67""W",,<10,,,,,,NTU,>1.2,,,,,,m,5,,,,,,8,,,,,,7,,,,,,20,,,,,,2084,,,,,,1410,,,,,,1200,,,,,,,,,135,,,,,,Heavy,,Sydney,
3/12/2016,1,"47°33'07.16""N 122°09'54.26""W",,,,,,,,,,120,,,,,cm,,11.1,,,,,,9,,,,,,7.5,,,,,,12,,,,,,4583,,,,,,1426,,,,,,,,,,,rpm,,,139,,,,,,,,,
3/12/2016,2,"47°33'04.16""N 122°09'51.67""W",,,,,,,,,,113.5,,,,,m,,7.9,,,,,,8.5,,,,,,7.25,,,,,,11,,,,,,690,,,,,,1384,,,,,,903,,,,,rpm,,,138,,,,,,,,,
3/12/2016,1,"47°33'07.16""N 122°09'54.26""W",,,,<10,,,,NTU,,,,,,,,,,11.1,,,,,,8.8,,,,,,7.5,,,,,,15,,,,,,752,,,,,,2001,,,,,,737,,,,,,,,,,,,,Heavy,,Andy and Jenna,"Oily bridge on walk between Site 1 and Site 2, Sunny (sort of), Water was cold but not as cold as usual"
3/12/2016,2,"47°33'04.16""N 122°09'51.67""W",,,,<10,,,,NTU,,,,,,,,,,8,,,,,,9,,,,,,7.5,,,,,,11,,,,,,Too shallow,,,,,,1520,,,,,,2439,,,,,,,,,,,,,Heavy,,Andy and Jenna,
3/12/2016,1,"47°33'07.16""N 122°09'54.26""W",,,,,<10,,,NTU,,,,>1.20,,,m,,,,7.7,,,,,,8.8,,,,,,7.5,,,,,,12,,,,,,2595,,,,,,1563,,,,,,1123,,,,,,100.5,,,,,,Heavy,,Joseph and Rena,"Site 1 - cloudy raining beginning, sunshine warm end, eater flow super strong"
3/12/2016,2,"47°33'04.16""N 122°09'51.67""W",,,,,<10,,,NTU,,,,>1.20,,,m,,,,8.8,,,,,,8.8,,,,,,7.5,,,,,,11,,,,,,,,,,,,,,,,,,,,,,,,,,,,,,Heavy,,Joseph and Rena,
3/12/2016,1,"47°33'07.16""N 122°09'54.26""W",,,,,,,<10,NTU,,,,,1,,m,,,,,10,,,,,,9.4,,,,,,7.25,,,,,,10,,,,,,1530,,,,,,1673,,,,,,1177,,,,,105.5,,,,,,Heavy,,Tanvi and Emma,
3/12/2016,2,"47°33'04.16""N 122°09'51.67""W",,,,,,,<10,NTU,,,,,1,,m,,,,,11.1,,,,,,8.8,,,,,,7.5,,,,,,12,,,,,,1192.5,,,,,,1805.5,,,,,,2239.5,,,,,113.3,,,,,,Heavy,,Tanvi and Emma,
,,,,,,,,,,,,,,,,,,,,,,,,,,,,,,,,,,,,,,,,,,,,,,,,,,,,,,,,,,,,,,,,,,,,,,,,
1/28/2017,1,"47°33'07.16""N 122°09'54.26""W",,>1.2m,>1.2m,>1.2m,>1.2m,>1.2m,,,,,,,,,,7.5,8,10,9.7,8,,5.6,Broken thermometer,Not recorded,5.7,5.7,,7.5,7.5,7.5,7,7,,13,13,13,12,15,,Broken meter,,,,,,Broken meter,,,,,,Broken meter,,,,,,,,,164.7,159.1,157.5,160.1,165,,Light,,,
1/28/2017,2,"47°33'04.16""N 122°09'51.67""W",,>1.2m,>1.2m,>1.2m,>1.2m,>1.2m,,,,,,,,,,8.8,7,10,8.8,9,,6.2,5.8,5.6,5.3,Not recorded,,7.5,7.5,7,7.25,Not recorded,,12,14,11,12,Not recorded,,745 rpm,678rpm,920rpm,594rpm,722rpm,,1157rpm,847rpm,902rpm,837rpm,733rpm,,1046rpm,1136rpm,1117rpm,754rpm,387rpm,,,,,159.2,158.7,159.2,161.6,not recorded,,Light,,All combined,Site 1--Flow meter not working
17-Feb,1,NO DATA: SEE NOTES,,,,,,,,,,,,,,,,,,,,,,,,,,,,,,,,,,,,,,,,,,,,,,,,,,,,,,,,,,,,,,,,,,,,,All combined,
17-Feb,2,NO DATA: SEE NOTES,,,,,,,,,,,,,,,,,,,,,,,,,,,,,,,,,,,,,,,,,,,,,,,,,,,,,,,,,,,,,,,,,,,,,,Storm damage led to trail closure. No access for monitoring this month. Extreme topographical changes at Site 1
3/25/2017,1,"47°33'07.16""N 122°09'54.26""W",,<10 NTU,>1.2m,>1.2m,>1.2m,,,,,,,,,,,9,9,10,10,,,7,8.9,8,8,,,7.5,7.5,7.5,6.5,,,15,19,16,Not recorded,,,630rpm,647rpm,1530rpm,1612rpm,,,1561rpm,340rpm,1838rpm,1800rpm,,,1609rpm,1609rpm,792rpm,691rpm,,,,,,175,134.8,135,136.1,,,Heavy,,,Extreme topographical changes at Site 1 due to storm
3/25/2017,2,"47°33'04.16""N 122°09'51.67""W",,<10 NTU,>1.2m,>1.2m,>1.2m,,,,,,,,,,,10,No record,10,10,,,8.8,8.6,7.78,8.6,,,7.5,7.5,7.5,6.5,,,12,17,15,11,,,2194rpm,2093rpm,1493rpm,2530rpm,,,1584rpm,1722rpm,1345rpm,2023rpm,,,Too shallow,Too shallow,Too shallow,Too shallow,,,,,,137,140,135.9,136.6,,,Heavy,,All combined,Extreme topographical changes at Site 2 due to storm; dogs in stream
4/29/2017,1,"47°33'07.16""N 122°09'54.26""W",,unreadable,>1.2m,>1.2m,,,,,,,,,,,,12.5,11,11.2,,,,9.3,8,9.2,,,,7.5,7,7.5,,,,23,13,,,,,Not taken,45cm/s,643rpm,,,,Not taken,115cm/s,1646rpm,,,,Not taken,125 cm/s,643rpm,,,,,,,141.8,158,139.9,,,,Light,,All combined,
4/29/2017,2,"47°33'04.16""N 122°09'51.67""W",,unreadable,>1.2m,>1.2m,,,,,,,,,,,,11,12,11,,,,8,9,8.9,,,,7.5,7.5,7.5,,,,"19""ish""",9,,,,,Not taken,95cm/s,1034rpm,,,,Not taken,50cm/s,1048rpm,,,,Not taken,30cm/s,763rpm,,,,,,,141.4,141,140.2,,,,Light,,All combined,Dog in water
5/20/2017,1,"47°33'07.16""N 122°09'54.26""W",,1.2m,>1.2m,1.2m,,,,,,,,,,,,14,14,13,,,,12.2,12.3,11,,,,7.5,7,7.5,,,,12,13,10,,,,758rpm,621rpm,964rpm,,,,1480rpm,1285rpm,1751rpn,,,,1260rpm,1893rpm,1060rpm,,,,,,,137.6,134,146,,,,Trace,,All combined,"No sites recorded: Benthics--2 mayfly, 1 aq. worm, 2 stonefly, midge larva; 6 ""mayflower"" nymphs, 2 stonefly nymphs"
5/20/2017,2,"47°33'04.16""N 122°09'51.67""W",,>1.2m,>1.2m,1.2m,,,,,,,,,,,,15,17.2,15.7,,,,11.8,11.8,11,,,,7.5,7.5,7.5,,,,13,12,10,,,,943rpm,1053rpm,980rpm,,,,754rpm,1089rpm,567rpm,,,,356rpm,352rpm,106rpm,,,,,,,138.8,135.2,144.5,,,,Trace,,All combined,
,,,,,,,,,,,,,,,,,,,,,,,,,,,,,,,,,,,,,,,,,,,,,,,,,,,,,,,,,,,,,,,,,,,,,,,,
7/31/2017,1,"47°33'07.16""N 122°09'54.26""W",,1.2m,1.2m,,,,,,,,,,,,,No record,82F,,,,,No record,No record,,,,,7.5,7.5,,,,,13,11,,,,,Tried but failed,617671rpm,,,,,No record,617678rpm,,,,,No record,617702rpm,,,,,,,,No record,,,,,,None,,All combined,narrow stream
7/31/2017,2,"47°33'04.16""N 122°09'51.67""W",,1.2m,1.2m,,,,,,,,,,,,,No record,81F,,,,,No record,No record,,,,,7.5,7.5,,,,,15,12,,,,,No record,,,,,,No record,203rpm,,,,,No record,No record,,,,,,,,No record,,,,,,None,,All combined,
,,,,,,,,,,,,,,,,,,,,,,,,,,,,,,,,,,,,,,,,,,,,,,,,,,,,,,,,,,,,,,,,,,,,,,,,
8/28/2017,1,"47°33'07.16""N 122°09'54.26""W",,1.2m,1.2m,,,,,,,,,,,,,25,25,,,,,18,18,,,,,7.5,7,,,,,8,8,,,,,No record,No record,,,,,126 rpm,126 rpm,,,,,No record,No record,,,,,,,,No record,No record,,,,,None,,All combined,
8/28/2017,2,"47°33'04.16""N 122°09'51.67""W",,1.2m,1.2m,,,,,,,,,,,,,26,26,,,,,18,18,,,,,7.4,7.5,,,,,7,7,,,,,No record,No record,,,,,326 rpm,326 rpm,,,,,No record,No record,,,,,,,,No record,No record,,,,,None,,All combined,
,,,,,,,,,,,,,,,,,,,,,,,,,,,,,,,,,,,,,,,,,,,,,,,,,,,,,,,,,,,,,,,,,,,,,,,,
11/18/2017,1,"47°33'07.16""N 122°09'54.26""W",,>1.2m,>1.2m,>1.2m,>1.2m,,,,,,,,,,,8,7.5,16,8,,,8,8,11.5,7.2,,,7,7,7.5,7.5,,,13,13,17,13,,,"Spawning season, did not enter stream",,,,,,,,,,,,,,,,,,,,,209,217,217,215,,,Moderate,,All combined,"Spawning season, did not enter stream"
11/18/2017,2,"47°33'04.16""N 122°09'51.67""W",,>1.2m,>1.2m,>1.2m,>1.2m,,,,,,,,,,,8,7.5,16,8,,,9,8.5,12,7.2,,,7.5,7.5,7.5,7.5,,,12,11,16,13,,,"Spawning season, did not enter stream",,,,,,,,,,,,,,,,,,,,,217,212,200,209,,,Moderate,,All combined,
,,,,,,,,,,,,,,,,,,,,,,,,,,,,,,,,,,,,,,,,,,,,,,,,,,,,,,,,,,,,,,,,,,,,,,,,
,,,,,,,,,,,,,,,,,,,,,,,,,,,,,,,,,,,,,,,,,,,,,,,,,,,,,,,,,,,,,,,,,,,,,,,,
,,,,,,,,,,,,,,,,,,,,,,,,,,,,,,,,,,,,,,,,,,,,,,,,,,,,,,,,,,,,,,,,,,,,,,,,
,,Highlit cells were recorded with Verneer probes,,,,,,,,,,,,,,,,,,,,,,,,,,,,,,,,,,,,,,,,,,,,,,,,,,,,,,,,,,,,,,,,,,,,,,
12/9/2017,1,"47°33'07.16""N 122°09'54.26""W",,>1.2m,>1.2,>1.2,>1.2,,,,,,,,,,,0,1.5,2,4.5,,,4,8,4 therm./0.6 laser,8,,,7,7,7.5,7,,,13,15,17,13,,,"Spawning season, did not enter stream",,,,,,,,,,,,,,,,,,,,,169.5,175.7,157.1,177.9,,,None,,"All combined, see data sheets for group number and names","Spawning season, did not enter stream"
12/9/2017,2,"47°33'04.16""N 122°09'51.67""W",,>1.2m,>1.2,>1.2,>1.2,,,,,,,,,,,2,14,2,4,,,5,8,4 therm./3.3 laser,8,,,7.5,7.5,7.5,7,,,14,16,14,10,,,"Spawning season, did not enter stream",,,,,,,,,,,,,,,,,,,,,179.6,165.3,181.8,157.6,,,None,,All combined see data sheets for group number and names,"A little foamy at site 2, sewage odor at site 1"
,,,,,,,,,,,,,,,,,,,,,,,,,,,,,,,,,,,,,,,,,,,,,,,,,,,,,,,,,,,,,,,,,,,,,,,,
1/6/2018,1,"47°33'07.16""N 122°09'54.26""W",,<10 NTU,<10 NTU,>10 NTU,<10 NTU,,,,,,,,,,,8,11,6,6.5,,,6,7,7,7,,,7,7,7.5,7.5,,,19,14,14,14,,,,50 cm/sec,49 cm/sec,50 cm/sec,60 cm/sec,,53 cm/sec,60 cm/sec,75 cm/sec,85 cm/sec,,,51 cm/sec,65 cm/sec,75 cm/sec,75 cm/sec,,,,,,149.5,147.4,145.5,137,,,Light to Moderate,,"All combined, see data sheets for group number and names","Stream running higher and wider than last month, even creating a sand bar/side channel at site 2. Scat spotted at site 1"
1/6/2018,2,"47°33'04.16""N 122°09'51.67""W",,<10 NTU,<10 NTU,>10 NTU,<10 NTU,,,,,,,,,,,8,11,6,6.5,,,7,10.7,6,7,,,7,7.5,7.5,7,,,18,15,13,14,,,Site 2 too high to enter stream,,,,,,,,,,,,,,,,,,,,,134.6,149.7,153.5,153.8,,,Light to Moderate,,"All combined, see data sheets for group number and names",Stream is more turbid than previously seen so far this year
,,,,,,,,,,,,,,,,,,,,,,,,,,,,,,,,,,,,,,,,,,,,,,,,,,,,,,,,,,,,,,,,,,,,,,,,
2/2/2018,1,"47°33'07.16""N 122°09'54.26""W",,<10 NTU,<10 NTU,1.2m<,<10 NTU,<10 NTU,,,,,,,,,,10,10,10,10,10,,9,8,9,7,8,,7.5,7.5,7,7,7.5,,12,14,17,14,13,,50 cm/sec,56 cm/sec,55 cm/sec,~50 cm/sec,40 cm/sec,,75 cm/sec,85 cm/sec,85 cm/sec,~75 cm/sec,75 cm/sec,,55 cm/sec,70 cm/sec,70 cm/sec,~60 cm/sec,56 cm/sec,,,,,136.1,137.5,137.2,134.8,136.1,,Moderate,,"All combined, see data sheets for group number and names",
2/2/2018,2,"47°33'04.16""N 122°09'51.67""W",,<10 NTU,<10 NTU,>1.2m,<10 NTU,<10 NTU,,,,,,,,,,10,10,9,10,10,,8,7.8 -laser,8,7,8,,7.5,7.5,7,7.5,7.5,,15,10,20,13,14,,N/A,N/A,N/A,N/A,N/A,,N/A,N/A,N/A,N/A,N/A,,N/A,N/A,N/A,N/A,N/A,,,,,123.3,133.2,128.2,129.7,126.2,,Moderate,,"All combined, see data sheets for group number and names",Stream flow meter not working at site 2
,,,,,,,,,,,,,,,,,,,,,,,,,,,,,,,,,,,,,,,,,,,,,,,,,,,,,,,,,,,,,,,,,,,,,,,,
3/3/2018,1,"47°33'07.16""N 122°09'54.26""W",,<10 NTU,<10 NTU,<10 NTU,>10 NTU,,,,,,,,,,,6,8,4,8,,,5,5.5,3,5,,,7.5,7,7,7,,,15,10,16,15,,,0,22 cm/sec,28 cm/sec,21 cm/sec,,,1268 rpm,46 cm/sec,60 cm/sec,39 cm/sec,,,1022 rpm,47 cm/sec,35 cm/sec,46 cm/sec,,,,,,162.5,156.6,142.6,150,,,Trace,,"All combined, see data sheets for group number and names",Site 1 flow on right very shallow and hindered by branches; flowmeter broken?
3/3/2018,2,"47°33'04.16""N 122°09'51.67""W",,<10 NTU,<10 NTU,<10 NTU,>10 NTU,,,,,,,,,,,7,5,5,4,,,5,4.5,3,5,,,7.5,7.5,7,7.5,,,missing,14,17,16,,,2340 rpm,100 cm/sec,25 cm/sec,90 cm/sec,,,1689 rpm,70 sm/sec,70 cm/sec,70 cm/sec,,,480 rpm,40 cm/sec,95 cm/sec,49 cm/sec,,,,,,158.8,152.8,161.4,150,,,Trace,,"All combined, see data sheets for group number and names",
,,,,,,,,,,,,,,,,,,,,,,,,,,,,,,,,,,,,,,,,,,,,,,,,,,,,,,,,,,,,,,,,,,,,,,,,
4/28/2018,1,"47°33'07.16""N 122°09'54.26""W",,>10 NTU,<10 NTU,10> NTU,<10 NTU,,,,,,,,,,,13,13,12,12,,,11,10,10,10,,,7.5,7.5,7.5,7.5,,,12,17,10,11,,,too shallow,too shallow,too shallow,too shallow,,,15 cm/sec,100 cm/sec,105 cm/sec,120 cm/sec,,,20 cm/sec,130 cm/sec,60 cm/sec,60 cm/sec,,,,,,122.3,88.7,122.2,132.5,,,Moderate to Heavy,,"All combined, see data sheets for group number and names",Some areas of stream too shallow to measure properly and is noted in data cells
4/28/2018,2,"47°33'04.16""N 122°09'51.67""W",,>10 NTU,<10 NTU,10> NTU,<10 NTU,,,,,,,,,,,12,12,11,12,,,10.5,9,10,10,,,7,7.5,7.5,7,,,13,14,12,11,,,15 cm/sec,110 cm/sec,145 cm/sec,150 cm/sec,,,20 cm/sec,80 cm/sec,80 cm/sec,85 cm/sec,,,too shallow,too shallow,too shallow,24 cm/sec,,,,,,120,126.3,116.2,91.6,,,Moderate to Heavy,,"All combined, see data sheets for group number and names",Some areas of stream too shallow to measure properly and is noted in data cells
,,,,,,,,,,,,,,,,,,,,,,,,,,,,,,,,,,,,,,,,,,,,,,,,,,,,,,,,,,,,,,,,,,,,,,,,
5/12/2018,1,"47°33'07.16""N 122°09'54.26""W",,<10 NTU,<10 NTU,<10 NTU,<10 NTU,,,,,,,,,,,21,17,19,19,,,14,14,14,14.5,,,7.5,8,7.5,7.5,,,13,14,14,12,,,47 cm/sec,~19 cm/sec,25 cm/sec,35 cm/sec,,,48.5 cm/sec,~44 cm/sec,50 cm/sec,42 cm/sec,,,19.5 cm/sec,~22 cm/sec,too slow to properly record,too many rocks to record,,,,,,221,209,194.9,204,,,None,,"All combined, see data sheets for group number and names",We saw juvenile salmonids at both sites. Photos were taken and they were later ID'd as coho
5/12/2018,2,"47°33'04.16""N 122°09'51.67""W",,<10 NTU,<10 NTU,<10 NTU,<10 NTU,,,,,,,,,,,23,17,23,21.5,,,14,14,14,14,,,7,8,7.5,7,,,14,14,12,13,,,too shallow,too shallow,too shallow,too shallow,,,too shallow,too shallow,too shallow,too shallow,,,too shallow,too shallow,too shallow,too shallow,,,,,,210,204,218,212,,,None,,"All combined, see data sheets for group number and names",Site 2 too shallow for velocity measurement
,,,,,,,,,,,,,,,,,,,,,,,,,,,,,,,,,,,,,,,,,,,,,,,,,,,,,,,,,,,,,,,,,,,,,,,,
6/9/2018,1,"47°33'07.16""N 122°09'54.26""W",,<10 NTU,<10 NTU,>10 NTU,<10 NTU,<10 NTU,,,,,,,,,,13.5,15,17,14,15,,13,14,13,14,14,,7.5,8,7.5,7.5,7.5,,15,15,11,13,14,,20 cm/sec,too shallow,0 cm/sec,too shallow,0,,N/A,too shallow,N/A,too shallow,0,,N/A,too shallow,too shallow,too shallow,0,,,,,233,231,225,233,213,,Moderate,,"All combined, see data sheets for group number and names","Possible issues with flowmeter, or just too low? For site 1, the flow was extremely slow--velocity meter barely moved. Some groups took measurements approx. 4 feet downstream from regular center point."
6/9/2018,2,"47°33'04.16""N 122°09'51.67""W",,<10 NTU,<10 NTU,>10 NTU,<10 NTU,<10 NTU,,,,,,,,,,14,14,15,15,16,,14,14,13,14,13,,7.5,7.5,7.5,7,7,,14,16,13,14,13,,30 cm/sec,too shallow,no data,no data,no data,,N/A,181 rpm,25 cm/sec,~29 cm/sec,no data,,N/A,too shallow,no data,no data,no data,,,,,229,235,228,219,233,,Moderate,,"All combined, see data sheets for group number and names",We saw juvenile salmonids again at both sites.
,,,,,,,,,,,,,,,,,,,,,,,,,,,,,,,,,,,,,,,,,,,,,,,,,,,,,,,,,,,,,,,,,,,,,,,,
7/24/2018,1,"47°33'07.16""N 122°09'54.26""W",,<10 NTU,,,,,,,,,,,,,,24,25,,,,,19,18,,,,,7.5,7.5,,,,,11,11,,,,,N/A too shallow,N/A too shallow,,,,,174 rpm,87 rpm,,,,,N/A too shallow,N/A too shallow,,,,,,,,285,279,,,,,None,,"Trial 1: Anirudh and Kent; Trial 2: Esha, Sriya, Jack",Fishy odor at site 1; it appears that humans partially dammed up site 1 (likely due to kids playing)
7/24/2018,2,"47°33'04.16""N 122°09'51.67""W",,<10 NTU,,,,,,,,,,,,,,23,24,,,,,19,18,,,,,7.5,7.5,,,,,10,12,,,,,N/A too shallow,N/A too shallow,,,,,20 rpm,15 rpm,,,,,N/A too shallow,N/A too shallow,,,,,,,,313,303,,,,,None,,,
,,,,,,,,,,,,,,,,,,,,,,,,,,,,,,,,,,,,,,,,,,,,,,,,,,,,,,,,,,,,,,,,,,,,,,,,
8/20/2018,1,"47°33'07.16""N 122°09'54.26""W",,<10 NTU,<10 NTU,,,,,,,,,,,,,22,24,,,,,17,18,,,,,7.5,7.5,,,,,11,12,,,,,N/A too shallow,N/A too shallow,,,,,N/A too shallow,N/A too shallow,,,,,N/A too shallow,N/A too shallow,,,,,,,,295,295,,,,,None,,Juntao Zhong,For both sites: heavy haze from wildfires; water level of stream very low
8/20/2018,2,"47°33'04.16""N 122°09'51.67""W",,<10 NTU,<10 NTU,,,,,,,,,,,,,23.5,26,,,,,17,18,,,,,7.5,7.5,,,,,12,13,,,,,N/A too shallow,N/A too shallow,,,,,N/A too shallow,N/A too shallow,,,,,N/A too shallow,N/A too shallow,,,,,,,,280,310,,,,,None,,Anirudh Prakash,
,,,,,,,,,,,,,,,,,,,,,,,,,,,,,,,,,,,,,,,,,,,,,,,,,,,,,,,,,,,,,,,,,,,,,,,,
10/27/2018,1,"47°33'07.16""N 122°09'54.26""W",,<10 NTU,<10 NTU,<10 NTU,<10 NTU,,,,,,,,,,,11,12,10,10,,,9,10,9,10,,,7.5,7.5,8,7.5,,,12,13,14,16,,,N/A Not started,,,,,,N/A Not started,,,,,,,,,,,,,"N/A forgot probe, but brought water back and measured at lab",,,216,225,228,,,"Very little this fall, less than usual",,"Trail 1: Esha & Grace; Trail 2: Anirudh, Pranar, Yingqi","Dog went in stream. Stream had less water, slow, thin water. Leaf liter & large woody debris. (I can't read the comments from group 4)"
10/27/2018,2,"47°33'04.16""N 122°09'51.67""W",,<10 NTU,<10 NTU,<10 NTU,<10 NTU,,,,,,,,,,,10,10,10,10,,,9,10,10,10,,,7.5,8,7.5,7.5,,,12,13,12,13,,,N/A Not started,,,,,,N/A Not started,,,,,,,,,,,,,,,N/A forgot probe,176.6,222,220,,,Today no rain,,"Trail 3: Jack, Matthew, Same; Trail 4"" clarrisa, Alaiyah, Aidan",There were students playing in the water before the monitoring. A dog running in stream at site 2
,,,,,,,,,,,,,,,,,,,,,,,,,,,,,,,,,,,,,,,,,,,,,,,,,,,,,,,,,,,,,,,,,,,,,,,,
11/10/2018,1,"47°33'07.16""N 122°09'54.26""W",,<10 NTU,<10 NTU,<10 NTU,<10 NTU,,,,,,,,,,,7,8,8,7,,,8,7,7,8,,,7.5,7.5,7.5,7.5,,,14,15,14,16,,,N/A,,,,,,,,,,,,,,,,,,,,,224,245,225,219,,,(no observations for all three groups),,"Jack, Ishika",site 1: lots of stacked leaves in stream
11/10/2018,2,"47°33'04.16""N 122°09'51.67""W",,<10 NTU,<10 NTU,<10 NTU,<10 NTU,,,,,,,,,,,7,6,7,8,,,8,7,7,8,,,7.5,7.5,7.5,7.5,,,17,15,14,15,,,"1068 rpm (only right, site 2)",,,,,,,,,,,,,,,,,,,,,244,225,224,231,,,(no observations),,same as above,"lots of leaves on groud. super shallow stream,width 8ft. Saw a dead rainbow trout, Adipose fin visible. Dog at stream at site 2"
